{"cameraMode":{"drawMode":0,"name":"Shaded","section":"Shading Mode"},"sceneLighting":true,"audioPlay":false,"sceneViewState":{"showFog":true,"showMaterialUpdate":true,"showSkybox":true,"showFlares":true,"showImageEffects":true,"showParticleSystems":true},"in2DMode":false,"pivot":{"x":14.532283782958985,"y":4.251407146453857,"z":-27.906469345092775},"rotation":{"x":-0.08028270304203034,"y":0.3007444441318512,"z":-0.025415850803256036,"w":-0.9499803185462952},"size":10.0,"orthographic":false}